URL,type
https://www.donga.com/news/Entertainment/List?ymd=20200804&m=,1
https://www.donga.com/news/Entertainment/List?ymd=20200803&m=,1
https://www.donga.com/news/Entertainment/List?ymd=20200802&m=,1
https://www.donga.com/news/Entertainment/List?ymd=20200801&m=,1
https://www.donga.com/news/Entertainment/List?ymd=20200731&m=,1
https://www.donga.com/news/Entertainment/List?ymd=20200730&m=,1
https://www.donga.com/news/Entertainment/List?ymd=20200729&m=,1
https://www.donga.com/news/Entertainment/List?ymd=20200728&m=,1
https://www.donga.com/news/Entertainment/List?ymd=20200727&m=,1
https://www.donga.com/news/Entertainment/List?ymd=20200726&m=,1
https://www.donga.com/news/Entertainment/List?ymd=20200725&m=,1
https://www.donga.com/news/Entertainment/List?ymd=20200724&m=,1
https://www.donga.com/news/Entertainment/List?ymd=20200723&m=,1
https://www.donga.com/news/Entertainment/List?ymd=20200722&m=,1
