URL,type
https://www.donga.com/news/Culture/article/all/20200804/102293855/1,1
https://www.donga.com/news/Entertainment/article/all/20200804/102293347/1,1
https://www.donga.com/news/Society/article/all/20200804/102293155/2,1
https://www.donga.com/news/List/article/all/20200804/102291864/1,1
https://www.donga.com/news/Entertainment/article/all/20200804/102290686/2,1
https://www.donga.com/news/Entertainment/article/all/20200804/102290551/1,1
https://www.donga.com/news/Entertainment/article/all/20200804/102289781/2,1
https://www.donga.com/news/Entertainment/article/all/20200804/102289075/1,1
https://www.donga.com/news/Entertainment/article/all/20200804/102288855/1,1
https://www.donga.com/news/Entertainment/article/all/20200804/102287345/1,1
https://www.donga.com/news/Culture/article/all/20200804/102286634/1,1
https://www.donga.com/news/Entertainment/article/all/20200804/102286574/1,1
https://www.donga.com/news/Entertainment/article/all/20200804/102286450/1,1
https://www.donga.com/news/Entertainment/article/all/20200804/102286327/1,1
https://www.donga.com/news/Entertainment/article/all/20200804/102286316/1,1
https://www.donga.com/news/Entertainment/article/all/20200804/102285967/1,1
https://www.donga.com/news/Entertainment/article/all/20200804/102285857/1,1
https://www.donga.com/news/Entertainment/article/all/20200803/102283143/5,1
https://www.donga.com/news/Entertainment/article/all/20200803/102283141/5,1
https://www.donga.com/news/Entertainment/article/all/20200803/102283142/5,1
https://www.donga.com/news/Entertainment/article/all/20200731/102246205/2,1
https://www.donga.com/news/Culture/article/all/20200803/102282105/1,1
https://www.donga.com/news/Culture/article/all/20200803/102280780/1,1
https://www.donga.com/news/Entertainment/article/all/20200803/102280124/1,1
https://www.donga.com/news/Entertainment/article/all/20200803/102279449/1,1
https://www.donga.com/news/Entertainment/article/all/20200803/102279360/1,1
https://www.donga.com/news/Entertainment/article/all/20200803/102278579/1,1
https://www.donga.com/news/Entertainment/article/all/20200731/102250459/2,1
https://www.donga.com/news/Entertainment/article/all/20200803/102277639/1,1
https://www.donga.com/news/Culture/article/all/20200803/102275161/1,1
https://www.donga.com/news/Entertainment/article/all/20200803/102275124/1,1
https://www.donga.com/news/Culture/article/all/20200803/102273639/1,1
https://www.donga.com/news/Entertainment/article/all/20200803/102272993/1,1
https://www.donga.com/news/Culture/article/all/20200803/102272818/1,1
https://www.donga.com/news/Culture/article/all/20200803/102270947/1,1
https://www.donga.com/news/Entertainment/article/all/20200803/102270173/1,1
https://www.donga.com/news/Entertainment/article/all/20200802/102266716/5,1
https://www.donga.com/news/Entertainment/article/all/20200802/102266711/4,1
https://www.donga.com/news/Entertainment/article/all/20200802/102266715/4,1
https://www.donga.com/news/Entertainment/article/all/20200802/102266710/4,1
https://www.donga.com/news/Entertainment/article/all/20200802/102266557/1,1
https://www.donga.com/news/Entertainment/article/all/20200802/102265003/1,1
https://www.donga.com/news/Entertainment/article/all/20200802/102264825/1,1
https://www.donga.com/news/Culture/article/all/20200802/102262648/1,1
https://www.donga.com/news/Entertainment/article/all/20200802/102259669/1,1
https://www.donga.com/news/Entertainment/article/all/20200802/102258663/1,1
https://www.donga.com/news/Entertainment/article/all/20200801/102258211/1,1
https://www.donga.com/news/Entertainment/article/all/20200801/102257717/1,1
https://www.donga.com/news/Entertainment/article/all/20200801/102257185/1,1
https://www.donga.com/news/Entertainment/article/all/20200801/102257176/1,1
https://www.donga.com/news/Entertainment/article/all/20200801/102256948/1,1
https://www.donga.com/news/Culture/article/all/20200801/102256924/1,1
https://www.donga.com/news/Culture/article/all/20200801/102256809/1,1
https://www.donga.com/news/Culture/article/all/20200801/102256698/1,1
https://www.donga.com/news/Entertainment/article/all/20200801/102253952/1,1
https://www.donga.com/news/Entertainment/article/all/20200801/102253951/1,1
https://www.donga.com/news/Entertainment/article/all/20200801/102253950/1,1
https://www.donga.com/news/Entertainment/article/all/20200801/102253949/1,1
https://www.donga.com/news/Entertainment/article/all/20200801/102253948/1,1
https://www.donga.com/news/Entertainment/article/all/20200731/102252856/1,1
https://www.donga.com/news/Culture/article/all/20200731/102252191/1,1
https://www.donga.com/news/Culture/article/all/20200731/102251678/1,1
https://www.donga.com/news/Entertainment/article/all/20200731/102251164/2,1
https://www.donga.com/news/Inter/article/all/20200731/102250421/1,1
https://www.donga.com/news/Entertainment/article/all/20200731/102250407/1,1
https://www.donga.com/news/Entertainment/article/all/20200731/102249651/1,1
https://www.donga.com/news/Entertainment/article/all/20200731/102249560/1,1
https://www.donga.com/news/Entertainment/article/all/20200731/102249413/1,1
https://www.donga.com/news/Culture/article/all/20200731/102247877/1,1
https://www.donga.com/news/Entertainment/article/all/20200731/102247424/2,1
https://www.donga.com/news/Entertainment/article/all/20200731/102246830/1,1
https://www.donga.com/news/Culture/article/all/20200731/102246321/1,1
https://www.donga.com/news/Entertainment/article/all/20200731/102244161/1,1
https://www.donga.com/news/Entertainment/article/all/20200731/102242825/1,1
https://www.donga.com/news/Culture/article/all/20200731/102242790/1,1
https://www.donga.com/news/Entertainment/article/all/20200731/102242769/1,1
https://www.donga.com/news/Culture/article/all/20200731/102242762/1,1
https://www.donga.com/news/Entertainment/article/all/20200731/102242691/1,1
https://www.donga.com/news/Culture/article/all/20200731/102242088/1,1
https://www.donga.com/news/Entertainment/article/all/20200731/102242057/1,1
https://www.donga.com/news/Entertainment/article/all/20200730/102235684/1,1
https://www.donga.com/news/Entertainment/article/all/20200730/102234238/1,1
https://www.donga.com/news/Culture/article/all/20200730/102233383/1,1
https://www.donga.com/news/Society/article/all/20200730/102233084/2,1
https://www.donga.com/news/Entertainment/article/all/20200730/102232354/1,1
https://www.donga.com/news/Culture/article/all/20200730/102232278/1,1
https://www.donga.com/news/Entertainment/article/all/20200730/102231786/1,1
https://www.donga.com/news/Culture/article/all/20200730/102229195/1,1
https://www.donga.com/news/Culture/article/all/20200730/102228764/1,1
https://www.donga.com/news/Entertainment/article/all/20200730/102227013/1,1
https://www.donga.com/news/Culture/article/all/20200730/102225688/1,1
https://www.donga.com/news/Entertainment/article/all/20200730/102224543/1,1
https://www.donga.com/news/Entertainment/article/all/20200730/102223468/2,1
https://www.donga.com/news/Entertainment/article/all/20200730/102222996/1,1
https://www.donga.com/news/Entertainment/article/all/20200730/102222986/1,1
https://www.donga.com/news/Culture/article/all/20200730/102222523/1,1
https://www.donga.com/news/Entertainment/article/all/20200730/102222288/1,1
https://www.donga.com/news/Entertainment/article/all/20200730/102222279/1,1
https://www.donga.com/news/Culture/article/all/20200730/102221908/1,1
https://www.donga.com/news/Entertainment/article/all/20200730/102221621/1,1
https://www.donga.com/news/Entertainment/article/all/20200729/102219408/1,1
https://www.donga.com/news/Entertainment/article/all/20200729/102219403/1,1
https://www.donga.com/news/Culture/article/all/20200729/102215165/1,1
https://www.donga.com/news/Entertainment/article/all/20200729/102214882/1,1
https://www.donga.com/news/Entertainment/article/all/20200729/102214556/2,1
https://www.donga.com/news/Entertainment/article/all/20200729/102214228/2,1
https://www.donga.com/news/Entertainment/article/all/20200729/102213327/1,1
https://www.donga.com/news/Entertainment/article/all/20200729/102212680/2,1
https://www.donga.com/news/Entertainment/article/all/20200729/102212986/2,1
https://www.donga.com/news/Entertainment/article/all/20200729/102211878/1,1
https://www.donga.com/news/Entertainment/article/all/20200729/102211509/2,1
https://www.donga.com/news/Culture/article/all/20200729/102211104/1,1
https://www.donga.com/news/Culture/article/all/20200729/102210480/1,1
https://www.donga.com/news/Entertainment/article/all/20200729/102209149/2,1
https://www.donga.com/news/Culture/article/all/20200729/102208656/1,1
https://www.donga.com/news/Culture/article/all/20200729/102207345/1,1
https://www.donga.com/news/Entertainment/article/all/20200729/102206982/1,1
https://www.donga.com/news/Entertainment/article/all/20200729/102206828/1,1
https://www.donga.com/news/Entertainment/article/all/20200729/102206469/1,1
https://www.donga.com/news/Culture/article/all/20200729/102205543/1,1
https://www.donga.com/news/Entertainment/article/all/20200728/102200887/1,1
https://www.donga.com/news/Entertainment/article/all/20200728/102200071/1,1
https://www.donga.com/news/Entertainment/article/all/20200728/102199454/1,1
https://www.donga.com/news/Entertainment/article/all/20200728/102196643/2,1
https://www.donga.com/news/Entertainment/article/all/20200728/102195475/2,1
https://www.donga.com/news/Culture/article/all/20200728/102194209/1,1
https://www.donga.com/news/Entertainment/article/all/20200728/102194171/1,1
https://www.donga.com/news/Entertainment/article/all/20200728/102194146/1,1
https://www.donga.com/news/Entertainment/article/all/20200728/102193571/1,1
https://www.donga.com/news/List/article/all/20200728/102192012/1,1
https://www.donga.com/news/Entertainment/article/all/20200728/102191962/2,1
https://www.donga.com/news/Culture/article/all/20200728/102191685/1,1
https://www.donga.com/news/Entertainment/article/all/20200728/102191057/1,1
https://www.donga.com/news/Entertainment/article/all/20200728/102188258/1,1
https://www.donga.com/news/Culture/article/all/20200728/102187092/1,1
https://www.donga.com/news/Entertainment/article/all/20200728/102186224/2,1
https://www.donga.com/news/Entertainment/article/all/20200728/102185314/1,1
https://www.donga.com/news/Culture/article/all/20200728/102184968/1,1
https://www.donga.com/news/Culture/article/all/20200728/102184947/1,1
https://www.donga.com/news/Entertainment/article/all/20200728/102184930/1,1
https://www.donga.com/news/Entertainment/article/all/20200727/102182577/1,1
https://www.donga.com/news/Society/article/all/20200727/102182517/1,1
https://www.donga.com/news/Entertainment/article/all/20200727/102182509/1,1
https://www.donga.com/news/Entertainment/article/all/20200727/102182137/1,1
https://www.donga.com/news/Culture/article/all/20200727/102181245/1,1
https://www.donga.com/news/Entertainment/article/all/20200727/102180979/1,1
https://www.donga.com/news/Entertainment/article/all/20200727/102180847/2,1
https://www.donga.com/news/Society/article/all/20200727/102180629/1,1
https://www.donga.com/news/Entertainment/article/all/20200727/102179917/1,1
https://www.donga.com/news/Entertainment/article/all/20200727/102178768/1,1
https://www.donga.com/news/Entertainment/article/all/20200727/102178107/1,1
https://www.donga.com/news/Culture/article/all/20200727/102178078/1,1
https://www.donga.com/news/Entertainment/article/all/20200727/102177231/1,1
https://www.donga.com/news/Entertainment/article/all/20200727/102177158/2,1
https://www.donga.com/news/Entertainment/article/all/20200727/102176945/1,1
https://www.donga.com/news/Entertainment/article/all/20200727/102176485/2,1
https://www.donga.com/news/Inter/article/all/20200727/102175846/1,1
https://www.donga.com/news/Culture/article/all/20200727/102175735/1,1
https://www.donga.com/news/Entertainment/article/all/20200727/102175683/1,1
https://www.donga.com/news/Entertainment/article/all/20200727/102174800/1,1
https://www.donga.com/news/Entertainment/article/all/20200726/102165037/1,1
https://www.donga.com/news/Entertainment/article/all/20200726/102165027/1,1
https://www.donga.com/news/Entertainment/article/all/20200726/102160558/1,1
https://www.donga.com/news/Entertainment/article/all/20200726/102159070/1,1
https://www.donga.com/news/Entertainment/article/all/20200726/102159056/1,1
https://www.donga.com/news/Entertainment/article/all/20200726/102157815/1,1
https://www.donga.com/news/Culture/article/all/20200726/102157483/1,1
https://www.donga.com/news/Culture/article/all/20200726/102157465/1,1
https://www.donga.com/news/Entertainment/article/all/20200726/102156756/1,1
https://www.donga.com/news/Culture/article/all/20200726/102156588/1,1
https://www.donga.com/news/Entertainment/article/all/20200726/102156551/1,1
https://www.donga.com/news/Entertainment/article/all/20200726/102156061/1,1
https://www.donga.com/news/Culture/article/all/20200726/102155671/1,1
https://www.donga.com/news/Culture/article/all/20200725/102152576/1,1
https://www.donga.com/news/Entertainment/article/all/20200725/102152523/1,1
https://www.donga.com/news/Entertainment/article/all/20200725/102152490/1,1
https://www.donga.com/news/Entertainment/article/all/20200725/102152366/1,1
https://www.donga.com/news/Entertainment/article/all/20200725/102151773/1,1
https://www.donga.com/news/Entertainment/article/all/20200725/102151764/1,1
https://www.donga.com/news/Entertainment/article/all/20200725/102151529/1,1
https://www.donga.com/news/Entertainment/article/all/20200725/102151506/1,1
https://www.donga.com/news/Culture/article/all/20200725/102151459/1,1
https://www.donga.com/news/Entertainment/article/all/20200725/102151457/1,1
https://www.donga.com/news/Entertainment/article/all/20200725/102151456/1,1
https://www.donga.com/news/Entertainment/article/all/20200725/102151355/1,1
https://www.donga.com/news/Entertainment/article/all/20200725/102151341/1,1
https://www.donga.com/news/Entertainment/article/all/20200725/102151067/1,1
https://www.donga.com/news/Entertainment/article/all/20200725/102151065/1,1
https://www.donga.com/news/Entertainment/article/all/20200725/102150794/1,1
https://www.donga.com/news/Entertainment/article/all/20200725/102150673/1,1
https://www.donga.com/news/Culture/article/all/20200725/102150672/1,1
https://www.donga.com/news/Culture/article/all/20200725/102150129/1,1
https://www.donga.com/news/Entertainment/article/all/20200725/102150044/1,1
https://www.donga.com/news/Culture/article/all/20200724/102146915/1,1
https://www.donga.com/news/Entertainment/article/all/20200724/102145391/1,1
https://www.donga.com/news/Entertainment/article/all/20200724/102145306/1,1
https://www.donga.com/news/Culture/article/all/20200724/102144314/1,1
https://www.donga.com/news/Entertainment/article/all/20200724/102143626/1,1
https://www.donga.com/news/Culture/article/all/20200724/102142410/1,1
https://www.donga.com/news/Entertainment/article/all/20200724/102140934/1,1
https://www.donga.com/news/Entertainment/article/all/20200724/102140000/1,1
https://www.donga.com/news/Culture/article/all/20200724/102139368/1,1
https://www.donga.com/news/Culture/article/all/20200724/102138827/1,1
https://www.donga.com/news/Society/article/all/20200724/102138787/1,1
https://www.donga.com/news/Culture/article/all/20200724/102138184/1,1
https://www.donga.com/news/Entertainment/article/all/20200724/102137894/2,1
https://www.donga.com/news/Culture/article/all/20200724/102137662/1,1
https://www.donga.com/news/Culture/article/all/20200724/102137344/1,1
https://www.donga.com/news/Entertainment/article/all/20200724/102136968/2,1
https://www.donga.com/news/Culture/article/all/20200724/102136755/1,1
https://www.donga.com/news/Entertainment/article/all/20200723/102132780/5,1
https://www.donga.com/news/Entertainment/article/all/20200723/102132744/5,1
https://www.donga.com/news/Entertainment/article/all/20200723/102132746/5,1
https://www.donga.com/news/Culture/article/all/20200723/102132726/1,1
https://www.donga.com/news/Culture/article/all/20200723/102131445/1,1
https://www.donga.com/news/Culture/article/all/20200723/102130717/1,1
https://www.donga.com/news/Entertainment/article/all/20200723/102130351/2,1
https://www.donga.com/news/Culture/article/all/20200723/102130285/1,1
https://www.donga.com/news/Entertainment/article/all/20200723/102130283/1,1
https://www.donga.com/news/Entertainment/article/all/20200723/102130280/2,1
https://www.donga.com/news/Entertainment/article/all/20200723/102129627/1,1
https://www.donga.com/news/Entertainment/article/all/20200723/102129600/1,1
https://www.donga.com/news/Entertainment/article/all/20200723/102129247/1,1
https://www.donga.com/news/Entertainment/article/all/20200723/102129199/1,1
https://www.donga.com/news/Entertainment/article/all/20200723/102129143/1,1
https://www.donga.com/news/Entertainment/article/all/20200723/102128289/1,1
https://www.donga.com/news/Economy/article/all/20200723/102126392/1,1
https://www.donga.com/news/Society/article/all/20200723/102125751/1,1
https://www.donga.com/news/Entertainment/article/all/20200723/102125173/2,1
https://www.donga.com/news/Entertainment/article/all/20200723/102124967/1,1
https://www.donga.com/news/Culture/article/all/20200723/102124052/1,1
https://www.donga.com/news/Entertainment/article/all/20200723/102123492/1,1
https://www.donga.com/news/Entertainment/article/all/20200723/102122939/1,1
https://www.donga.com/news/Society/article/all/20200722/102115296/1,1
https://www.donga.com/news/Culture/article/all/20200722/102113979/1,1
https://www.donga.com/news/Entertainment/article/all/20200722/102113965/1,1
https://www.donga.com/news/Entertainment/article/all/20200722/102113820/2,1
https://www.donga.com/news/Entertainment/article/all/20200722/102113699/2,1
https://www.donga.com/news/Entertainment/article/all/20200722/102112931/2,1
https://www.donga.com/news/Entertainment/article/all/20200722/102112069/1,1
https://www.donga.com/news/Culture/article/all/20200722/102109820/1,1
https://www.donga.com/news/Entertainment/article/all/20200722/102108967/1,1
https://www.donga.com/news/Entertainment/article/all/20200722/102108580/1,1
https://www.donga.com/news/Entertainment/article/all/20200722/102108154/1,1
https://www.donga.com/news/Entertainment/article/all/20200722/102106433/1,1
https://www.donga.com/news/Culture/article/all/20200722/102105332/1,1
https://www.donga.com/news/Entertainment/article/all/20200722/102104415/1,1
https://www.donga.com/news/Culture/article/all/20200722/102103909/1,1
https://www.donga.com/news/Entertainment/article/all/20200722/102103889/2,1
https://www.donga.com/news/Entertainment/article/all/20200722/102103834/1,1
https://www.donga.com/news/Entertainment/article/all/20200722/102103730/1,1
https://www.donga.com/news/Culture/article/all/20200722/102102308/1,1
https://www.donga.com/news/Entertainment/article/all/20200722/102102133/1,1
