URL,type
https://www.donga.com/news/Politics/article/all/20200730/102234816/1,1
https://www.donga.com/news/Politics/article/all/20200730/102234697/1,1
https://www.donga.com/news/Politics/article/all/20200730/102234712/1,1
https://www.donga.com/news/Politics/article/all/20200730/102234226/1,1
https://www.donga.com/news/Politics/article/all/20200730/102234326/2,1
https://www.donga.com/news/Politics/article/all/20200730/102233753/1,1
https://www.donga.com/news/Politics/article/all/20200730/102233668/1,1
https://www.donga.com/news/Politics/article/all/20200730/102233329/1,1
https://www.donga.com/news/Politics/article/all/20200730/102233104/1,1
https://www.donga.com/news/Politics/article/all/20200730/102233103/1,1
https://www.donga.com/news/Politics/article/all/20200730/102233214/2,1
https://www.donga.com/news/Politics/article/all/20200730/102232924/1,1
https://www.donga.com/news/Politics/article/all/20200730/102232884/1,1
https://www.donga.com/news/Politics/article/all/20200730/102232451/1,1
https://www.donga.com/news/Politics/article/all/20200730/102232328/1,1
https://www.donga.com/news/Politics/article/all/20200730/102231888/2,1
https://www.donga.com/news/Politics/article/all/20200730/102231873/2,1
https://www.donga.com/news/Politics/article/all/20200730/102231716/1,1
https://www.donga.com/news/Politics/article/all/20200730/102230777/1,1
https://www.donga.com/news/Society/article/all/20200730/102230486/1,1
https://www.donga.com/news/Politics/article/all/20200729/102219268/1,1
https://www.donga.com/news/Politics/article/all/20200729/102218404/2,1
https://www.donga.com/news/Politics/article/all/20200729/102218277/1,1
https://www.donga.com/news/Politics/article/all/20200729/102218257/1,1
https://www.donga.com/news/Politics/article/all/20200729/102217995/1,1
https://www.donga.com/news/Society/article/all/20200729/102217432/1,1
https://www.donga.com/news/Society/article/all/20200729/102216730/1,1
https://www.donga.com/news/Politics/article/all/20200729/102216653/1,1
https://www.donga.com/news/Politics/article/all/20200729/102216614/1,1
https://www.donga.com/news/Politics/article/all/20200729/102216295/1,1
https://www.donga.com/news/Politics/article/all/20200729/102216139/1,1
https://www.donga.com/news/Politics/article/all/20200729/102215870/1,1
https://www.donga.com/news/Politics/article/all/20200729/102215994/2,1
https://www.donga.com/news/Politics/article/all/20200729/102215736/1,1
https://www.donga.com/news/Society/article/all/20200729/102215527/1,1
https://www.donga.com/news/Society/article/all/20200729/102215597/2,1
https://www.donga.com/news/Society/article/all/20200729/102215150/1,1
https://www.donga.com/news/Inter/article/all/20200729/102215344/1,1
https://www.donga.com/news/Politics/article/all/20200729/102215104/1,1
https://www.donga.com/news/Society/article/all/20200729/102214955/1,1
https://www.donga.com/news/Politics/article/all/20200728/102200464/1,1
https://www.donga.com/news/Politics/article/all/20200728/102200229/1,1
https://www.donga.com/news/Politics/article/all/20200728/102200132/1,1
https://www.donga.com/news/Politics/article/all/20200728/102199951/1,1
https://www.donga.com/news/Politics/article/all/20200728/102199337/1,1
https://www.donga.com/news/Politics/article/all/20200728/102199323/1,1
https://www.donga.com/news/Politics/article/all/20200728/102199176/1,1
https://www.donga.com/news/Politics/article/all/20200728/102198681/2,1
https://www.donga.com/news/Politics/article/all/20200728/102198182/1,1
https://www.donga.com/news/Politics/article/all/20200728/102197938/1,1
https://www.donga.com/news/Politics/article/all/20200728/102197896/1,1
https://www.donga.com/news/Politics/article/all/20200728/102197639/2,1
https://www.donga.com/news/Politics/article/all/20200728/102197258/1,1
https://www.donga.com/news/Politics/article/all/20200728/102197074/1,1
https://www.donga.com/news/Politics/article/all/20200728/102196961/1,1
https://www.donga.com/news/Politics/article/all/20200728/102197360/2,1
https://www.donga.com/news/Politics/article/all/20200728/102196111/1,1
https://www.donga.com/news/Politics/article/all/20200728/102195780/1,1
https://www.donga.com/news/Politics/article/all/20200728/102195577/1,1
https://www.donga.com/news/Politics/article/all/20200728/102195380/1,1
