news_URL,company
https://www.donga.com/news/Economy/article/all/20200730/102230075/1,2
https://news.chosun.com/site/data/html_dir/2020/07/29/2020072903456.html,4
https://news.joins.com/article/23837269,3
https://news.chosun.com/site/data/html_dir/2020/07/30/2020073000549.html,4
https://news.naver.com/main/read.nhn?mode=LSD&mid=shm&sid1=101&oid=001&aid=0011780950,1
https://news.joins.com/article/23837268,3
https://news.chosun.com/site/data/html_dir/2020/07/30/2020073002211.html,4
https://www.donga.com/news/Politics/article/all/20200730/102223459/1,2
https://news.naver.com/main/read.nhn?mode=LSD&mid=shm&sid1=104&oid=002&aid=0002144255,1
https://news.naver.com/main/read.nhn?mode=LSD&mid=shm&sid1=105&oid=421&aid=0004786121,1
