url,labels
https://www.donga.com/news/Politics/article/all/20200624/101675109/1,1
https://www.donga.com/news/Politics/article/all/20200624/101675000/1,1
https://www.donga.com/news/Politics/article/all/20200624/101674941/1,1
https://www.donga.com/news/Politics/article/all/20200624/101674763/1,1
https://www.donga.com/news/Politics/article/all/20200624/101674473/2,1
https://www.donga.com/news/Inter/article/all/20200624/101674255/1,1
https://www.donga.com/news/Politics/article/all/20200624/101673910/2,1
https://www.donga.com/news/Politics/article/all/20200624/101673933/1,1
https://www.donga.com/news/Society/article/all/20200624/101673251/1,1
https://www.donga.com/news/Society/article/all/20200624/101672652/1,1
https://www.donga.com/news/Politics/article/all/20200624/101672448/1,1
https://www.donga.com/news/Politics/article/all/20200624/101671741/1,1
https://www.donga.com/news/Politics/article/all/20200624/101671022/1,1
https://www.donga.com/news/Politics/article/all/20200624/101670982/1,1
https://www.donga.com/news/Politics/article/all/20200624/101670850/1,1
https://www.donga.com/news/Politics/article/all/20200624/101670826/2,1
https://www.donga.com/news/Politics/article/all/20200624/101670745/1,1
https://www.donga.com/news/Politics/article/all/20200624/101670506/1,1
https://www.donga.com/news/Culture/article/all/20200624/101670106/1,1
https://www.donga.com/news/Politics/article/all/20200624/101669722/1,1
https://www.donga.com/news/Politics/article/all/20200624/101669552/1,1
https://www.donga.com/news/Politics/article/all/20200624/101669521/1,1
https://www.donga.com/news/Society/article/all/20200624/101669490/1,1
https://www.donga.com/news/Politics/article/all/20200624/101669479/1,1
https://www.donga.com/news/Politics/article/all/20200624/101669266/1,1
https://www.donga.com/news/Politics/article/all/20200624/101668669/1,1
https://www.donga.com/news/Politics/article/all/20200624/101667703/1,1
https://www.donga.com/news/Politics/article/all/20200624/101667028/1,1
https://www.donga.com/news/Politics/article/all/20200624/101666861/2,1
https://www.donga.com/news/Politics/article/all/20200624/101666625/1,1
https://www.donga.com/news/Politics/article/all/20200624/101666640/2,1
https://www.donga.com/news/Politics/article/all/20200624/101666245/2,1
https://www.donga.com/news/Politics/article/all/20200624/101665576/1,1
https://www.donga.com/news/Politics/article/all/20200624/101665637/2,1
https://www.donga.com/news/Politics/article/all/20200624/101665459/1,1
https://www.donga.com/news/Politics/article/all/20200624/101665071/2,1
https://www.donga.com/news/Inter/article/all/20200624/101664955/1,1
https://www.donga.com/news/Politics/article/all/20200624/101664917/1,1
https://www.donga.com/news/Politics/article/all/20200624/101664624/1,1
https://www.donga.com/news/Politics/article/all/20200624/101664617/1,1
https://www.donga.com/news/Politics/article/all/20200624/101664071/1,1
https://www.donga.com/news/Politics/article/all/20200624/101663996/1,1
https://www.donga.com/news/Politics/article/all/20200624/101663738/1,1
https://www.donga.com/news/Politics/article/all/20200624/101663704/1,1
https://www.donga.com/news/Politics/article/all/20200624/101663341/1,1
https://www.donga.com/news/Politics/article/all/20200624/101663308/1,1
https://www.donga.com/news/Politics/article/all/20200624/101663290/1,1
https://www.donga.com/news/Politics/article/all/20200624/101663067/1,1
https://www.donga.com/news/Politics/article/all/20200624/101662733/1,1
https://www.donga.com/news/Politics/article/all/20200624/101662596/1,1
https://www.donga.com/news/Politics/article/all/20200624/101662567/1,1
https://www.donga.com/news/Politics/article/all/20200624/101662256/1,1
https://www.donga.com/news/Politics/article/all/20200624/101662196/2,1
https://www.donga.com/news/Politics/article/all/20200624/101661965/1,1
https://www.donga.com/news/Politics/article/all/20200624/101661660/1,1
https://www.donga.com/news/Politics/article/all/20200624/101661261/1,1
https://www.donga.com/news/Politics/article/all/20200624/101661151/1,1
https://www.donga.com/news/Politics/article/all/20200624/101660887/1,1
https://www.donga.com/news/Politics/article/all/20200624/101660867/1,1
https://www.donga.com/news/Politics/article/all/20200624/101660629/1,1
https://www.donga.com/news/Politics/article/all/20200624/101660512/1,1
https://www.donga.com/news/Politics/article/all/20200624/101660360/1,1
https://www.donga.com/news/Politics/article/all/20200624/101660001/1,1
https://www.donga.com/news/Politics/article/all/20200624/101659751/2,1
https://www.donga.com/news/Politics/article/all/20200624/101659344/1,1
https://www.donga.com/news/Politics/article/all/20200624/101659335/1,1
https://www.donga.com/news/Politics/article/all/20200624/101659332/1,1
https://www.donga.com/news/Politics/article/all/20200624/101658986/1,1
https://www.donga.com/news/Politics/article/all/20200624/101658701/1,1
https://www.donga.com/news/Politics/article/all/20200624/101658698/1,1
https://www.donga.com/news/Politics/article/all/20200624/101658373/1,1
https://www.donga.com/news/Politics/article/all/20200624/101658262/1,1
https://www.donga.com/news/Politics/article/all/20200624/101657853/1,1
https://www.donga.com/news/Politics/article/all/20200624/101657850/1,1
https://www.donga.com/news/Inter/article/all/20200624/101657265/1,1
https://www.donga.com/news/Politics/article/all/20200624/101657241/1,1
https://www.donga.com/news/Society/article/all/20200624/101657028/1,1
https://www.donga.com/news/Politics/article/all/20200624/101657016/1,1
https://www.donga.com/news/Politics/article/all/20200624/101657011/1,1
https://www.donga.com/news/Inter/article/all/20200624/101657001/1,1
https://news.chosun.com/site/data/html_dir/2020/07/30/2020073000886.html,2
https://news.chosun.com/site/data/html_dir/2020/07/30/2020073000842.html,2
https://news.chosun.com/site/data/html_dir/2020/07/30/2020073000763.html,2
https://news.chosun.com/site/data/html_dir/2020/07/30/2020073000594.html,2
https://news.chosun.com/site/data/html_dir/2020/07/30/2020073000442.html,2
https://news.chosun.com/site/data/html_dir/2020/07/30/2020073000412.html,2
https://news.chosun.com/site/data/html_dir/2020/07/30/2020073000140.html,2
https://news.chosun.com/site/data/html_dir/2020/07/30/2020073000124.html,2
https://news.chosun.com/site/data/html_dir/2020/07/30/2020073000215.html,2
https://news.chosun.com/site/data/html_dir/2020/07/29/2020072904742.html,2
https://news.chosun.com/site/data/html_dir/2020/07/30/2020073000112.html,2
https://news.chosun.com/site/data/html_dir/2020/07/30/2020073000233.html,2
https://news.chosun.com/site/data/html_dir/2020/07/30/2020073000231.html,2
https://news.chosun.com/site/data/html_dir/2020/07/30/2020073000229.html,2
https://news.chosun.com/site/data/html_dir/2020/07/30/2020073000227.html,2
https://news.chosun.com/site/data/html_dir/2020/07/30/2020073000126.html,2
https://news.chosun.com/site/data/html_dir/2020/07/30/2020073000122.html,2
https://news.chosun.com/site/data/html_dir/2020/07/30/2020073000116.html,2
https://news.chosun.com/site/data/html_dir/2020/07/30/2020073000114.html,2
https://news.chosun.com/site/data/html_dir/2020/07/30/2020073000221.html,2
https://news.chosun.com/site/data/html_dir/2020/07/30/2020073000219.html,2
https://news.chosun.com/site/data/html_dir/2020/07/30/2020073000217.html,2
https://news.chosun.com/site/data/html_dir/2020/07/30/2020073000206.html,2
https://news.chosun.com/site/data/html_dir/2020/07/30/2020073000202.html,2
https://news.chosun.com/site/data/html_dir/2020/07/30/2020073000235.html,2
https://news.chosun.com/site/data/html_dir/2020/07/30/2020073000208.html,2
https://news.chosun.com/site/data/html_dir/2020/07/29/2020072904719.html,2
https://news.chosun.com/site/data/html_dir/2020/07/29/2020072904676.html,2
https://news.chosun.com/site/data/html_dir/2020/07/29/2020072904313.html,2
https://news.chosun.com/site/data/html_dir/2020/07/29/2020072904133.html,2
https://news.chosun.com/site/data/html_dir/2020/07/29/2020072903733.html,2
https://news.chosun.com/site/data/html_dir/2020/07/29/2020072903577.html,2
https://news.chosun.com/site/data/html_dir/2020/07/29/2020072903566.html,2
https://news.chosun.com/site/data/html_dir/2020/07/29/2020072903562.html,2
https://news.chosun.com/site/data/html_dir/2020/07/29/2020072903558.html,2
https://news.chosun.com/site/data/html_dir/2020/07/29/2020072903519.html,2
https://news.chosun.com/site/data/html_dir/2020/07/29/2020072903470.html,2
https://news.chosun.com/site/data/html_dir/2020/07/29/2020072903056.html,2
https://news.chosun.com/site/data/html_dir/2020/07/29/2020072903048.html,2
https://news.chosun.com/site/data/html_dir/2020/07/29/2020072903039.html,2
